name,window,D,V,accuracy,exec_time
1,2,2.4,4.2,0.85714285714285710.021990763000000024
2,2,2.4,4.2,1.00.042816403
3,2,2.4,4.2,1.00.06428425599999998
4,2,2.4,4.2,1.00.08476879600000009
5,2,2.4,4.2,1.00.09811298499999999
6,2,2.4,4.2,1.00.11415797299999997
7,2,2.4,4.2,1.00.1373281799999999
8,2,2.4,4.2,1.00.15805552200000017
9,2,2.4,4.2,1.00.20039643899999993
10,2,2.4,4.2,1.00.1353223560000001
